-- m_admin_users  仮データ
INSERT INTO `m_admin_users` (`id`, `name`, `email`, `password`, `is_admin`, `created_at`, `updated_at`, `deleted_at`) VALUES
(1, '加藤 真綾', 'admin@mail.com', '$2y$10$14r.1.axXIYb3ksGLDPT5ut2SEt2CHJ.l.J8HN0hrYiA6Jt6TlK.m', 1, '2021-11-24 22:50:48', '2021-11-24 22:50:48', NULL),
(2, '野村 裕太', 'operator@mail.com', '$2y$10$oi13cIfWbkln9tVXh6D9T.LYYTd1YyZUHu/RXdVDuLAaSv53unaXK', 0, '2021-11-24 22:50:48', '2021-11-24 22:50:48', NULL);
-- m_commissions
INSERT INTO `m_commissions` (`id`, `plan_num`, `calculation_unit`, `plan_name`, `effective_date`, `expire_date`, `shop_web`, `authority`, `calculation_type`, `usage_details_description`, `incentive_description`, `cancellation_limit_period`, `usage_unit_price`, `period`, `incentive_unit_price`, `incentive_unit_price2`, `incentive_unit_price3`, `created_at`, `updated_at`, `deleted_at`) VALUES
(1, 'H001', '1', '登録/廃局 事務手数料', '2021-12-01', '2100-12-31', '2', NULL, '1', 1, 1, NULL, '2000', '1', '0', '0', '0', '2021-11-26 08:54:29', '2021-11-26 08:54:29', NULL),
(2, 'H002', '1', '回線休止 事務手数料', '2021-12-01', '2100-12-31', '2', NULL, '1', 1, 1, NULL, '2000', '1', '0', '0', '0', '2021-11-26 08:54:29', '2021-11-26 08:54:29', NULL),
(3, 'H003', '1', 'SIM再発行 事務手数料', '2021-12-01', '2100-12-31', '2', NULL, '1', 1, 1, NULL, '2000', '1', '0', '0', '0', '2021-11-26 08:54:29', '2021-11-26 08:54:29', NULL),
(4, 'H004', '2', '設定変更 事務手数料', '2021-12-01', '2100-12-31', '2', NULL, '1', 1, 1, NULL, '2000', '1', '0', '0', '0', '2021-11-26 08:54:29', '2021-11-26 08:54:29', NULL),
(5, 'H100', '3', '請求書郵送料', '2021-12-01', '2100-12-31', '2', NULL, '2', 1, 0, NULL, '200', '1', '0', '0', '0', '2021-11-26 08:54:29', '2021-11-26 08:54:29', NULL),
(6, 'H201', '1', '中途解約 事務手数料', '2021-12-01', '2100-12-31', '2', NULL, '1', 1, 1, NULL, NULL, '1', '0', '0', '0', '2021-11-26 08:54:29', '2021-11-26 08:54:29', NULL),
(7, 'H202', '2', 'その他 事務手数料', '2021-12-01', '2100-12-31', '2', '2', '1', 1, 1, NULL, NULL, '1', '0', '0', '0', '2021-11-26 08:54:29', '2021-11-26 08:54:29', NULL);
-- m_models
INSERT INTO `m_models` (`id`, `class`, `management_number`, `product_name`, `soft_hard`, `status`, `start_date`, `end_date`, `sport_end_date`, `voice`, `GPS`, `camera`, `base`, `wifi`, `sim_slot`, `career`, `standard_price`, `created_at`, `updated_at`, `deleted_at`) VALUES
(1, '1', 'H01', 'SRNX1', '2', 2, '2022-01-07', NULL, NULL, '1', '1', '0', '0', '1', '1', 'D1', 80000, '2021-11-11 01:44:50', '2021-11-11 01:44:50', NULL),
(2, '4', 'M01', 'STI-1000', '2', 1, '2022-08-01', NULL, NULL, '1', '1', '0', '0', '1', '1', 'D1', 80000, '2021-11-11 01:44:50', '2021-11-11 01:44:50', NULL),
(3, '2', 'B01', 'STI-Dispatcher', '1', 2, '2022-01-07', NULL, NULL, '1', '1', '0', '1', '1', NULL, NULL, 20000, '2021-11-11 01:44:50', '2021-11-11 01:44:50', NULL),
(4, '3', 'A01', 'STI-APP', '1', 1, '2022-08-01', NULL, NULL, '1', '1', '0', '0', '1', '1', NULL, 2000, '2021-11-11 01:44:50', '2021-11-11 01:44:50', NULL);
-- m_option_plans
INSERT INTO `m_option_plans` (`id`, `plan_num`, `option_type`, `calculation_unit`, `plan_name`, `effective_date`, `expire_date`, `shop_web`, `authority`, `calculation_type`, `usage_details_description`, `incentive_description`, `cancellation_limit_period`, `usage_unit_price`, `period`, `incentive_unit_price`, `incentive_unit_price2`, `incentive_unit_price3`, `discount_target1`, `discount_target2`, `discount_target3`, `discount_target4`, `discount_target5`, `created_at`, `updated_at`, `deleted_at`) VALUES
(1, 'C001', '1', '1', 'GPS位置情報利用料', '2021-12-01', '2100-12-31', '1', '1', '2', 1, 1, '1', '500', '0', '150', '100', '0', NULL, NULL, NULL, NULL, NULL, '2021-11-26 08:12:49', '2021-11-26 08:12:49', NULL),
(2, 'C002', '1', '1', '通話記録利用料', '2021-12-01', '2100-12-31', '1', '1', '2', 1, 1, '1', '200', '0', '60', '50', '0', NULL, NULL, NULL, NULL, NULL, '2021-11-26 08:12:49', '2021-11-26 08:12:49', NULL),
(3, 'C003', '1', '1', '画僧利用料', '2021-12-01', '2100-12-31', '2', '2', '2', 1, 1, '1', '1200', '0', '360', '800', '0', NULL, NULL, NULL, NULL, NULL, '2021-11-26 08:12:49', '2021-11-26 08:12:49', NULL),
(4, 'D001', '2', '1', '台数割A', '2021-12-01', '2100-12-31', '1', '1', '2', 1, 1, '24', '-100', '0', '-30', '-30', '0', NULL, NULL, NULL, NULL, NULL, '2021-11-26 08:12:49', '2021-11-26 08:12:49', NULL),
(5, 'D002', '2', '1', '台数割B', '2021-12-01', '2100-12-31', '2', '2', '2', 1, 1, '24', '-200', '0', '-60', '-60', '0', NULL, NULL, NULL, NULL, NULL, '2021-11-26 08:12:49', '2021-11-26 08:12:49', NULL),
(6, 'D003', '2', '1', '特別割引 L1', '2021-12-01', '2100-12-31', '2', '3', '2', 1, 1, '60', '-500', '0', '-150', '-150', '0', NULL, NULL, NULL, NULL, NULL, '2021-11-26 08:12:49', '2021-11-26 08:12:49', NULL),
(7, 'D101', '2', '1', '割引キャンペーンA', '2022-02-01', '2022-03-31', '1', '1', '2', 1, 1, NULL, '-900', '3', '-270', '-270', '0', 'B0001', NULL, NULL, NULL, NULL, '2021-11-26 08:12:49', '2021-11-26 08:12:49', NULL),
(8, 'D102', '2', '1', '割引キャンペーンB', '2022-07-01', '2022-09-30', '2', '2', '2', 1, 1, NULL, '-900', '6', '-270', '-270', '0', 'B0001', NULL, NULL, NULL, NULL, '2021-11-26 08:12:49', '2021-11-26 08:12:49', NULL);
-- m_plans
INSERT INTO `m_plans` (`id`, `plan_num`, `calculation_unit`, `plan_name`, `effective_date`, `expire_date`, `shop_web`, `authority`, `calculation_type`, `usage_details_description`, `incentive_description`, `cancellation_limit_period`, `usage_unit_price`, `period`, `incentive_unit_price`, `incentive_unit_price2`, `incentive_unit_price3`, `midway_cancell_unit_price`, `created_at`, `updated_at`, `deleted_at`) VALUES
(1, 'B001', '1', '定額Aプラン', '2021-12-01', '2100-12-31', '1', '1', '2', 1, 1, '24', '1800', '0', '600', '500', '0', '900', '2021-11-26 08:02:13', '2021-11-26 08:02:13', NULL),
(2, 'B002', '1', '定額Bプラン', '2021-12-01', '2100-12-31', '1', '1', '2', 1, 1, '24', '1200', '0', '500', '400', '0', '900', '2021-11-26 08:02:13', '2021-11-26 08:02:13', NULL),
(3, 'B101', '1', '端末込み 定額Aプラン', '2021-12-01', '2100-12-31', '1', '1', '2', 1, 1, '60', '3300', '0', '1000', '900', '0', '2400', '2021-11-26 08:02:13', '2021-11-26 08:02:13', NULL),
(4, 'B201', '1', 'レンタル専用プラン', '2021-12-01', '2100-12-31', '1', '1', '2', 1, 1, '36', '1200', '0', '0', '0', '0', '900', '2021-11-26 08:02:13', '2021-11-26 08:02:13', NULL);
-- m_sales_promotion_plans
INSERT INTO `m_sales_promotion_plans` (`id`, `plan_num`, `calculation_unit`, `plan_name`, `effective_date`, `expire_date`, `shop_web`, `authority`, `calculation_type`, `usage_details_description`, `incentive_description`, `cancellation_limit_period`, `usage_unit_price`, `period`, `incentive_unit_price`, `incentive_unit_price2`, `incentive_unit_price3`, `created_at`, `updated_at`, `deleted_at`) VALUES
(1, 'S001', '1', '拡販プログラムS001', '2022-02-01', '2022-03-31', '2', '2', '1', 0, 1, NULL, '0', '1', '10000', '9000', '8000', '2021-11-26 08:25:36', '2021-11-26 08:25:36', NULL),
(2, 'S002', '1', '拡販プログラムS002', '2022-01-01', '2022-12-31', '2', '2', '1', 0, 1, NULL, '0', '1', '2000', '1500', '1000', '2021-11-26 08:25:36', '2021-11-26 08:25:36', NULL);
-- m_shops  仮データ
INSERT INTO `m_shops` (`id`, `serial_number`, `name`, `code`, `postal_cd`, `prefecture`, `city`, `address`, `building_name`, `tel_number`, `fax_number`, `email`, `pic`, `incentive_flg`, `incentive_type`, `sap_supplier_num`, `created_at`, `updated_at`, `deleted_at`) VALUES
(1, 1, '松本無線', '5112602', '3054789', 'TnxkwwfE3p', 'DGGZdJlWyc', '3447411  岐', '105', '+9668028637191', '+22305084461', 'ryosuke97@example.net', NULL, 1, '3', '5564799292', '2021-11-24 22:49:01', '2021-11-24 22:49:01', NULL),
(2, 4, '原田通信', '1880956', '9911045', 'Ng6l9WsbVe', 'TjYG1lvhq9', '6245737  神', '102', '+200466445809', '+299562565', 'nyamaguchi@example.com', NULL, 1, '2', '3712087609', '2021-11-24 22:49:01', '2021-11-24 22:49:01', NULL),
(3, 3, '井上無線', '3303375', '1479524', 'jo4HT4qmwz', 'tygElIvDgp', '2679704  長', '102', '+37190651314', '+596346621168', 'naoki.watanabe@example.com', NULL, 1, '1', '6243116889', '2021-11-24 22:49:01', '2021-11-24 22:49:01', NULL),
(4, 7, '青山電気', '6113976', '2482641', 'rEIQPzUGH6', 'WefrEGGpeV', '8964385  福', '104', '+6910194715', '+67016140385', 'kmiyazawa@example.com', NULL, 1, '3', '5881568711', '2021-11-24 22:49:01', '2021-11-24 22:49:01', NULL),
(5, 2, '浜田無線', '5410101', '2843885', '8KTtwRkdEX', 'ZMSHgsa9oF', '4562183  高', '110', '+3813102346865', '+825388117780', 'yyamamoto@example.org', NULL, 1, '2', '1930832257', '2021-11-24 22:49:01', '2021-11-24 22:49:01', NULL),
(6, 9, '渡辺無線', '5196914', '1241872', 'n7BBm94fDK', 'DiUEvrPv0M', '7365558  宮', '104', '+9727257229394', '+38988107608', 'kazuya83@example.org', NULL, 1, '1', '2269417584', '2021-11-24 22:49:01', '2021-11-24 22:49:01', NULL),
(7, 9, '宇野無線', '7500891', '4831793', 'LyCULfQ6Jo', 'xIl4wGyJsl', '4051075  岡', '107', '+385058090542', '+264086464560', 'yui.kato@example.com', NULL, 1, '1', '8621969964', '2021-11-24 22:49:01', '2021-11-24 22:49:01', NULL),
(8, 8, '加藤電気', '4379429', '7175522', 'GgKchv6V9o', 'td4T9HhpPp', '1516121  滋', '104', '+34343448923', '+22888330748', 'asuka.kanou@example.org', NULL, 0, '1', '8886079137', '2021-11-24 22:49:01', '2021-11-24 22:49:01', NULL),
(9, 5, '加藤通信', '2755311', '1903403', 'kjrycEuNYK', 'lEO4Eyjz7h', '1986059  神', '107', '+29000225', '+870155069305', 'wtakahashi@example.net', NULL, 1, '2', '1200759151', '2021-11-24 22:49:01', '2021-11-24 22:49:01', NULL),
(10, 5, '大垣通信', '9635799', '2084422', 'MSdWcHdbGs', 'sY3AdAf3dX', '7679680  鹿', '103', '+50267295808', '+240795235479', 'sayuri.nakamura@example.org', NULL, 1, '2', '7089026803', '2021-11-24 22:49:01', '2021-11-24 22:49:01', NULL),
(11, 8, 'Muhammad', 'HUd', '25137', 'yT3upcDeUn', 'MDtK8AW1hS', 'B2HybOCxxS', 'T3B8amFs4p', '+16784408849', '+16102557501', 'adrian.walsh@example.net', NULL, 1, '3', '9843111', '2021-11-30 05:21:48', '2021-11-30 05:21:48', NULL);
-- m_shop_users  仮データ
INSERT INTO `m_shop_users` (`id`, `name`, `shop_code`, `password`, `shop_id`, `shop_email`, `created_at`, `updated_at`, `deleted_at`) VALUES
(1, '若松 桃子', 'shop123', '$2y$10$paBCP4A61cVStbNDd0M6LeedZ91/Uoc5d/jGmU6ug8O9VCPJN6.C6', 1, 'mnomura@example.net', '2021-11-24 22:49:01', '2021-11-24 22:49:01', NULL);
-- m_users  仮データ
INSERT INTO `m_users` (`id`, `contractor_id`, `email`, `password`, `contract_name`, `contract_name_kana`, `representative_position`, `representative_name`, `representative_name_kana`, `billing_department`, `billing_manager_position`, `billing_manager_name`, `billing_post_number`, `billing_prefectures`, `billing_municipalities`, `billing_address`, `billing_building`, `billing_tel`, `billing_fax`, `billing_email`, `billing_shipping`, `shipping_destination`, `shipping_post_number`, `shipping_prefectures`, `shipping_municipalities`, `shipping_address`, `shipping_building`, `shipping_tel`, `shipping_fax`, `payment_type`, `bank_num`, `bank_name`, `branchi_num`, `branchi_name`, `deposit_type`, `account_num`, `account_name`, `bank_entruster_num`, `bank_customer_num`, `shop_id`, `status`, `created_at`, `updated_at`, `deleted_at`) VALUES
(1, '34874422', 'user@mail.com', '$2y$10$zQoY/J/ILn7TZDO1cSV3QeUGutkC1pvKgi16p9xGPyGuh.Iv6oQ1m', '坂本 結衣', 'サカモト　ユイ', '青山 裕美子', '山口 千代', '中島 花子', 'をとりとりでもないうよ。牛乳ぎゅうに、月長石げっちへ歩いて。', 'り込こんだ」「ああ、ざっかり談はなしに星めぐりの青年は教え。', '限だいや、うそれはことばかり切らないの高いや緑みどりや、ば。', '70011864', 'あかりのあかり切っ。', '杉山市', '5926319  静岡県藤本市東区小泉町廣川7-7-9', '109', '080-4619-4485', '093-363-6780', 'manabu34@example.org', 2, '1', '11209203', 'いどがあっちをだし。', '喜嶋市', '5343986  静岡県伊藤市北区藤本町山本7-10-9', '108', '090-5294-9095', '97261039', '1', '8662', '桐山銀行', '439', '佐々木支店', '1', '7823659', 'ｻｶﾓﾄﾕｲ', '77762000', '000004777270', 1, '1', '2021-11-24 22:49:01', '2021-11-24 22:49:01', NULL),
(2, '27799772', 'atsushi.yamada@example.com', '$2y$10$7jmvYqtsCesuTicWAlu6U.ypG3DoBv3kRFu4papcKPujgx8S/5o2m', '吉田 花子', 'ヨシダ　ハナコ', '近藤 裕樹', '工藤 美加子', '工藤 裕美子', 'ョバンニのうぎょうど四方に見えないふたごの肉にくの青や橙だ。', 'ムやらでも思いました。ほんとなり、喧嘩けんで行くのです。だ。', 'おしました。「僕ぼくはねをうったんだろう。僕ぼくいろい微光。', '49965494', 'とけいべんも幾本い。', '三宅市', '9127551  奈良県笹田市西区三宅町山田10-2-3', '101', '08-8189-2979', '0903-52-0186', 'mai.aota@example.net', 2, '1', '14319573', 'んとうにして（ああ。', '浜田市', '6916719  岐阜県木村市西区廣川町木村6-4-2', '105', '06-5469-3645', '13137083', '1', '4152', '西之園銀行', '245', '山岸支店', '2', '8116548', 'ﾖｼﾀﾞﾊﾅｺ', '82001000', '000032332398', 1, '1', '2021-11-24 22:49:02', '2021-11-24 22:49:02', NULL),
(3, '30044257', 'shota75@example.net', '$2y$10$yeDbVJImvM7p0YDon3RhCuJ2RMKrFk/1FKiBaKmQdREG5LyHUTfsq', '野村 拓真', 'ノムラ　タクマ', '伊藤 修平', '加藤 舞', '原田 亮介', 'ました。そこにいっておったら、もらば僕ぼくはそのとも、つい。', '電燈でんきのように川に沿そっとりは、ジョバンニはまた向むこ。', 'ン燈とうこのまん中にまって不思議ふしぎな獣けものは？）とこ。', '59403323', 'んなしみも、それに。', '宮沢市', '8809437  岩手県井高市西区青田町浜田6-3-5', '109', '0326-74-0558', '08196-6-8146', 'sasada.hiroshi@example.com', 2, '3', '68428364', 'いしい声が、やっぱ。', '中津川市', '5982508  岐阜県青山市中央区近藤町津田4-1-4', '110', '06-6157-5005', '28128865', '1', '5554', '浜田銀行', '985', '野村支店', '1', '3919438', 'ﾉﾑﾗﾀｸﾏ', '28135000', '000057164842', 1, '2', '2021-11-24 22:49:02', '2021-11-24 22:49:02', NULL),
(4, '95618392', 'dmiyazawa@example.com', '$2y$10$RpEeqUm9CMLPqLGZhPa.7eNltD2rAzN89iErx20iTuiKNQ9tKzwla', '山口 舞', 'ヤマグチ　マイ', '小林 さゆり', '中津川 太一', '笹田 さゆり', 'の集あつました。車掌しゃが走っていました。「ありますと、そ。', 'て博士はかせわしく泣ないだいか」カムパネルラも知ってしずむ。', 'なりひるがわの暗くらいはじめました。さっきりんごをたてるん。', '86313915', 'けるようなふうです。', '田辺市', '4096441  山口県野村市南区村山町笹田10-2-3 ハイツ小泉104号', '110', '074-057-0240', '0870-723-417', 'yui75@example.net', 2, '3', '26697552', 'んの牛乳屋ぎゅうじ。', '井上市', '3414305  富山県吉本市東区田辺町斉藤1-2-9 ハイツ佐々木102号', '104', '075-303-2887', '60663632', '2', '9985', '若松銀行', '874', '伊藤支店', '1', '8511905', 'ﾔﾏｸﾞﾁﾏｲ', '43090000', '000050110915', 1, '1', '2021-11-24 22:49:02', '2021-11-24 22:49:02', NULL),
(5, '67088676', 'soutaro81@example.net', '$2y$10$8vk9ILDgEvXOd/de.JrKa.UrQmKI5KoibV19HHoMuV7dk.4U9GYvy', '喜嶋 充', 'キジマ　ミツル', '笹田 千代', '松本 里佳', '喜嶋 裕美子', 'しのずうっと前の、小さな小屋こやの中にたちまちみんな、がら。', 'しんせこんだん向むこう岸ぎしに、まただおじぎをつぶぐらが一。', 'の下に置おいかんしんずんずん沈しずかに大きくなって行くよう。', '58180456', 'とも言いいまして、。', '笹田市', '1127345  沖縄県江古田市北区松本町高橋6-5-6', '106', '090-8099-3505', '080-6756-8617', 'znakamura@example.com', 2, '3', '45820808', 'いに飾かざっかりト。', '廣川市', '1557977  奈良県加藤市東区工藤町笹田9-1-9 コーポ田中106号', '103', '0497-49-3192', '28222330', '3', '1882', '村山銀行', '371', '青山支店', '1', '7248724', 'ｷｼﾞﾏﾐﾂﾙ', '98164000', '000034490033', 1, '1', '2021-11-24 22:49:02', '2021-11-24 22:49:02', NULL),
(6, '92185167', 'yasuhiro32@example.com', '$2y$10$DiBlw9loojmRqt.YzQ4/vORDU29M5/GDYbP3whWBcOM3lX//QjOW.', '中島 拓真', '井上 春香', '高橋 裕樹', '伊藤 篤司', '鈴木 舞', '金きんか鯨くじょうきぼりの神かみさまざまにその笑わらなくな。', '角標さんおったりして気をつけないのようとうときどきさせなが。', 'え。僕ぼくもそれを開いていま誰だれとも、こころには、窓まど。', '8816300', 'さい。さあ、そっち。', '中島市', '6104219  青森県山口市東区中島町西之園7-8-7', '103', '00-0425-5765', '090-4787-8788', 'rei.tanaka@example.org', 1, '3', '65987645', 'パシフィック辺へん。', '笹田市', '2353674  岡山県桐山市東区松本町田辺9-4-6', '104', '0320-708-607', '46029302', '3', '4994', '西之園銀行', '023', '井上支店', '2', '6492811', '宇野 花子', '87308000', '000074436106', 1, '1', '2021-11-24 22:49:02', '2021-11-24 22:49:02', NULL),
(7, '11949813', 'hyamada@example.org', '$2y$10$yazc/lR1rVLDImQlA9bZjeYlz1Acyn9oP6PlOfzQtSutqqxUBYUWe', '田辺 千代', '中島 真綾', '吉本 花子', '山本 香織', '若松 春香', 'が、見えると、もう一つ点つくしかにゆらゆらゆらぎ、そこから。', 'んな大きなります。みなまっくりかえって見ようにこんなた方は。', 'ニロ博士はかせはジョバンニはながくの人たちには誰だれもいつ。', '32029840', 'せて盤ばん下流かり。', '山田市', '6833436  茨城県中島市西区小林町原田9-8-4 コーポ山田106号', '108', '0166-70-2109', '0110-623-829', 'ryohei.takahashi@example.com', 1, '1', '57722497', '石ほうもろこしらし。', '山岸市', '1925125  富山県工藤市中央区高橋町津田7-4-5', '105', '042-210-5126', '1', '1', '7864', '青田銀行', '168', '青山支店', '1', '5898759', '5898759', '30979000', '000054710268', 1, '2', '2021-11-24 22:50:48', '2021-11-24 23:44:36', NULL),
(8, '83104205', 'saito.mitsuru@example.net', '$2y$10$AUBZwMRg5eDQLMct9l231.F57Xc/jofRfNDvv2giOKR3AKxyb1lrq', '中津川 淳', '若松 知実', '坂本 直人', '大垣 七夏', '松本 裕美子', 'つくしひとりがとうにはじめました。「お父さんとも言いわの雲。', '白く少し汽車のひとに石でこさえたよ」ジョバンニはにわかりあ。', 'つぎの三角標さんそうにその大事だいかがあって、六、七人の、。', '90946579', 'みだなんに化石かせ。', '加藤市', '7403669  長野県木村市北区桐山町工藤8-8-6 ハイツ笹田101号', '103', '06560-9-5504', '090-5109-1391', 'hiroshi.nagisa@example.com', 2, '1', '1069841', 'べんきょう」さっき。', '野村市', '6609992  岐阜県田中市北区中村町井高6-4-1', '107', '090-4803-3950', '82824566', '1', '4121', '渡辺銀行', '682', '浜田支店', '1', '1958979', '松本 美加子', '99226000', '000006654393', 1, '2', '2021-11-24 22:50:48', '2021-11-24 22:50:48', NULL),
(9, '43530800', 'mai.ogaki@example.com', '$2y$10$59TyluRgLwU1oPxmcKdXluBtX5qnhZvrmmGzp1.fCKEM/NYX7TIta', '山口 太郎', '田中 桃子', '山田 稔', '渚 治', '笹田 あすか', 'て行くのですからなんだろうね」「おかに頭を出した。ジョバン。', 'しめしです。七北十字架じゅぎょうにこわいのですか」いました。', 'わらいなの上着うわ、まるで熟じゅうは何かがですか。では今日。', '75030541', 'ちそうおじぎをしな。', '青田市', '7855132  千葉県鈴木市南区藤本町江古田6-9-9', '105', '090-3217-0646', '0079-55-8201', 'kaori26@example.com', 2, '2', '46888632', 'ように鷺さぎ込こむ。', '宮沢市', '1745055  群馬県津田市西区木村町石田9-4-9', '107', '080-3424-7215', '77607405', '1', '5123', '坂本銀行', '384', '津田支店', '1', '6773910', '石田 治', '84706000', '000029364427', 1, '1', '2021-11-24 22:50:48', '2021-11-24 22:50:48', NULL),
(10, '88584354', 'wakamatsu.manabu@example.org', '$2y$10$D4/Yd4IgAn/9Mz0bIjsIMuWSrRZYW/nUG/mVMP5BuzKNR7sKQbuga', '津田 里佳', '山本 あすか', '宇野 美加子', '斉藤 千代', '宮沢 修平', 'の島しまうと息いきをこすりへ出るのを見ました。「あなたので。', '果りんこう岸ぎしに星めぐっておいで行くんだのときました。「。', 'ぜんたっていました。そして、とうも忘わすれて青い胸むねがお。', '50908703', 'の火はちょう、なぜ。', '田辺市', '6154916  京都府小泉市東区山田町津田7-1-2 コーポ三宅103号', '108', '090-6475-7432', '0641-37-2422', 'ysasada@example.org', 2, '1', '22603968', '明しょうどそのとな。', '佐藤市', '5012405  新潟県加納市北区江古田町浜田10-2-4', '102', '018-592-2893', '38635965', '1', '5894', '斉藤銀行', '532', '若松支店', '2', '8925309', '鈴木 涼平', '07341000', '000009455404', 1, '1', '2021-11-24 22:50:48', '2021-11-24 22:50:48', NULL),
(11, '30281037', 'kiriyama.taro@example.com', '$2y$10$sxQB/LKkQCZSLgCQw8PbNuoSuhqVFiBUWaHxO8m.4SyUY44jNWaXi', '村山 翔太', '大垣 陽一', '藤本 千代', '松本 涼平', '松本 真綾', 'ゆるい丘おかし出されそうに見えることをぼんやり思いだわ」向。', 'のように燃もえてお祈いのでした。ジョバンニは首くびをうたっ。', 'いいまま立って下りも、みんなはなんで聞いた、赤髯あかしなが。', '29227417', 'の中に大きくなって。', '廣川市', '5674938  徳島県桐山市北区笹田町吉本5-1-2', '109', '0170-345-702', '052-469-5735', 'mikako88@example.net', 1, '1', '41721455', 'るだけですからない。', '工藤市', '8177500  栃木県松本市東区青田町田中8-4-10', '106', '090-8381-9362', '99409155', '1', '1079', '井上銀行', '117', '加藤支店', '2', '2529061', '山田 知実', '76027000', '000013560678', 1, '2', '2021-11-24 22:50:48', '2021-11-24 22:50:48', NULL),
(12, '57125524', 'kanou.satomi@example.com', '$2y$10$kHOfo3Pn2s/GyN9oEEsY5uhFNEA4ldX75AEKTGvfoHDBk32noV7pK', '松本 充', '西之園 桃子', '佐々木 あすか', '藤本 稔', '田中 京助', '欖かんした。崖がけにしばらの球たまを遠くかたにまるいかんし。', '燃もえてるんだんだよ。ずいぶ、地図に見えるよ」「あなたはジ。', '燈がいっていために、向むこう」腰掛こしだ。みんな標本室ひょ。', '84914213', '抱だいて行きますと。', '山田市', '8251281  岡山県若松市南区田中町石田10-1-3', '105', '05-1247-4546', '090-4625-6769', 'tyoshimoto@example.org', 1, '3', '27071272', 'んでした。「それと。', '杉山市', '3053997  長崎県井高市東区石田町原田10-2-2', '105', '09623-7-1831', '76807591', '1', '3752', '廣川銀行', '172', '藤本支店', '2', '5717071', '江古田 あすか', '73281000', '000024735696', 1, '2', '2021-11-24 22:50:48', '2021-11-24 22:50:48', NULL),
(13, '67486663', 'kyosuke.sato@example.net', '$2y$10$aW2Is6GX58Lw3fpTDcxxvOEAHudTD.VAgp6T0DaqzN.Ax3yy8m6Ma', '原田 充', '浜田 千代', '工藤 七夏', '山田 太一', '木村 和也', 'きり第二時だいだぞ」とジョバンニさんのきれとうの星のかげの。', 'ろがいっしゃのようにうちでも集あつめたそのすわりとりのよう。', 'よ。あしあわてたりしまっくりしがあっていた着物きもういろの。', '38603680', 'けたのです。そこら。', '小林市', '5058028  東京都吉本市中央区木村町坂本3-10-9', '109', '05-1403-0514', '08183-6-4964', 'naoto.yamaguchi@example.org', 1, '3', '45563497', 'なの上の槍やり立っ。', '山田市', '4199006  山口県工藤市東区青山町坂本9-5-2 ハイツ桐山105号', '104', '09370-9-1634', '47737267', '1', '7374', '中村銀行', '141', '大垣支店', '1', '4338212', '青田 亮介', '94716000', '000099378909', 1, '1', '2021-11-24 22:50:48', '2021-11-24 22:50:48', NULL),
(14, '4344249', 'pkondo@example.org', '$2y$10$ymzxfmAAJlqDCTO.XXC5N.2jT0cx6Ivk5uuRj5ICOsL7t3OnExRHm', '井高 治', '田辺 くみ子', '原田 舞', '浜田 健一', '原田 京助', 'いわよ。おりて見ると、いろな可愛かわからうごいてありがある。', 'つつまでも、もっと出ているのだ」「あれはいっぱいのですねえ。', 'ったに掛かけて肩かたち、次つぎから僕ぼくにあたり、汽車が小。', '1145447', 'ムパネルラの野原の。', '杉山市', '8898609  島根県渡辺市北区斉藤町小泉4-9-10', '110', '01-0925-3488', '0332-06-5361', 'lito@example.net', 1, '3', '99749270', '日か昨日おとりはお。', '津田市', '7953520  滋賀県佐藤市西区杉山町喜嶋4-4-1', '102', '0055-25-1315', '42492151', '3', '7035', '佐藤銀行', '220', '加納支店', '1', '1878869', '渡辺 加奈', '15275000', '000099116983', 1, '1', '2021-11-24 22:50:48', '2021-11-24 22:50:48', NULL),
(15, '95776782', 'ito.yuki@example.net', '$2y$10$xxbQWT62T3cNLkIYJzM8r.vP3mgKWxpFdYcIef6OAw.seLS2IRTx2', '藤本 充', 'フジモト　ミツル', '渡辺 洋介', '中津川 知実', '藤本 和也', '生は、ぎざの図に見えなくかの来るあやしいの火は何べんもお父。', 'ゅうにまるで億万おくまぼしめ、お仕事しごとごと、そのまちの。', 'きません。けれども、高くあげていねいってまったろう。僕ぼく。', '18875919', 'かたあのはいちめん。', '小泉市', '6406156  福井県田辺市西区渚町加藤8-2-8', '104', '05-9129-5796', '0460-326-013', 'kobayashi.kana@example.org', 1, '1', '25024794', 'しごとがったでした。', '井上市', '4315936  沖縄県加納市南区小泉町石田2-8-3', '103', '0720-76-4209', '2', '2', '4904', '喜嶋銀行', '995', '山口支店', '1', '8887186', '8887186', '76870000', '000011740429', 1, '1', '2021-11-24 22:50:48', '2021-11-24 23:45:52', NULL),
(16, '99382851', 'kyosuke58@example.org', '$2y$10$LxfuvtID.eKbNFG8UfxB5.mlKG0rZIOMQpSoTa.xPUXt/i0Unyye.', '加藤 浩', '田中 篤司', '渡辺 直人', '高橋 直人', '斉藤 明美', 'けん命めいめいめいぐったんだからなくなったと書いていた岩い。', '人ろうか」車掌しゃいましたが、この方だわ」「今晩こんなでし。', 'そくに近づく見ていらっと大きな扉とびおりてくださびしい声が。', '27766438', 'いそいで。おねえさ。', '工藤市', '1732013  島根県石田市南区浜田町江古田6-3-8 コーポ井高104号', '102', '093-141-1343', '090-7521-0228', 'naoto.nomura@example.net', 1, '1', '32857033', 'もの肩かたまりひと。', '石田市', '1184027  宮崎県佐々木市西区青田町佐々木10-4-7 ハイツ原田110号', '106', '09-5375-2009', '48439540', '2', '2393', '藤本銀行', '682', '加納支店', '2', '3272589', '井高 康弘', '94858000', '000099707721', 1, '1', '2021-11-24 22:50:48', '2021-11-24 22:50:48', NULL),
(17, '92771660', 'amiyake@example.org', '$2y$10$3OqAFeweeynXuN81RVC1PuLnj2ipqgvQRsH1JxQmUE9JAc5YP.nqO', '大垣 涼平', '佐々木 くみ子', '中津川 明美', '桐山 桃子', '山田 聡太郎', '乳ぎゅうに青く茂しげみのようにまるで遠くへ行ったのようと、。', 'ったのです。米だってぜひとりが、にげたりした。全まっすぐに。', 'えると、向むこう岸ぎしに、眼めが熱あついて立って叫さけびま。', '15544242', 'きりに直なおりて行。', '津田市', '8567822  埼玉県浜田市南区松本町山岸1-5-2', '108', '0693-70-8559', '090-8431-9752', 'kumiko17@example.org', 2, '1', '64470277', 'きなた方の漁りょう。', '山田市', '9057684  香川県渚市南区山田町山田10-6-4 コーポ浜田110号', '108', '09613-1-0946', '71982890', '3', '8024', '江古田銀行', '878', '喜嶋支店', '1', '9929970', '高橋 桃子', '54733000', '000049679168', 1, '2', '2021-11-24 22:50:48', '2021-11-24 22:50:48', NULL),
(18, '6674692', 'rmiyake@example.com', '$2y$10$YodnpfcRZqy1qlbpmGiTJeGuOkwdmC7dGWfQMVEvhpV4ZBNNnndX6', '宇野 裕美子', '青田 智也', '渡辺 加奈', '木村 充', '青山 くみ子', 'く黒くはその見たら、ゆるしたら、もちろんすいしゃしょに読ん。', 'たのでもどこから、それでもないて、電話で故障こした。汽車へ。', 'ましたが、くるように、雨のように思わず笑わらっててしました。', '29093035', 'そうにしばらく蛍ほ。', '井高市', '9437568  香川県渡辺市西区中島町山本10-5-2 コーポ高橋107号', '109', '03-5286-4595', '0947-65-7552', 'youichi.koizumi@example.org', 1, '2', '18948643', 'リトル、ツィンクル。', '小林市', '6264106  岩手県青山市西区田中町山岸10-5-3 コーポ佐々木106号', '104', '07067-1-9229', '33488894', '1', '8745', '伊藤銀行', '061', '西之園支店', '2', '1999180', '木村 七夏', '36757000', '000030167911', 1, '2', '2021-11-24 22:50:48', '2021-11-24 22:50:48', NULL),
(19, '62235943', 'isasada@example.org', '$2y$10$uSsC8r5mvuqNx5YQhYv2Oufw617tjkY1aKCQcFJGUn0QnSnT5NhXC', '伊藤 春香', '石田 直樹', '笹田 真綾', '佐藤 さゆり', '浜田 陽子', '快ゆかい芝草しばらく木の枝えだしてしまとって、眼めの下に書。', '凍こおどっているのを言いいましたものの命いのできていしょに。', 'すきとおりて行くよねえ」「早いかがくの人たびたびびとたちの。', '20461803', 'いてみんな星はみん。', '佐藤市', '5679897  高知県山田市南区藤本町大垣3-4-6', '107', '04-2971-5851', '080-0712-6183', 'sato.yuta@example.org', 1, '3', '90584915', 'はいて、たった地図。', '渚市', '9488124  茨城県山本市西区杉山町野村7-9-3 コーポ中島104号', '110', '05704-5-3832', '88079497', '2', '1906', '吉田銀行', '987', '高橋支店', '1', '2105704', '大垣 和也', '89892000', '000052113855', 1, '1', '2021-11-24 22:50:48', '2021-11-24 22:50:48', NULL),
(20, '83292100', 'yamagishi.ryohei@example.org', '$2y$10$s.gsaFlsjvUQkjuOJNbY6O0sHCvRbrft7F8vh5TGpgnaA0CdTw6VC', '浜田 陽子', '津田 舞', '西之園 加奈', '木村 智也', '吉田 亮介', 'の赤い点々をうたっていらっしょに早く行きます、今日はひどい。', 'う見えません、まがほんとうの花が、思いないいかんでした」「。', 'の上着うわ」「早くも、おかしは、鳥捕とりが、くるくるっと遠。', '16869274', 'テーションを通って。', '山岸市', '9556071  青森県田辺市東区渚町木村6-4-2', '109', '080-7238-5755', '08-6669-9333', 'yasuhiro68@example.net', 2, '1', '69592704', 'ムの一つの林になる。', '斉藤市', '5244006  岩手県斉藤市北区若松町斉藤10-8-1 ハイツ井上103号', '105', '0748-08-4514', '75691132', '3', '1687', '渚銀行', '675', '石田支店', '1', '2799651', '山本 真綾', '43623000', '000066856439', 1, '1', '2021-11-24 22:50:48', '2021-11-24 22:50:48', NULL),
(21, '98799020', 'kyamada@example.com', '$2y$10$tmu4j97lnQjb0Rq/qkzEx.HoEqVJOJO6nxWIoBnbDo8EcpWvmaX7K', '原田 裕太', '村山 淳', '西之園 淳', '野村 陽一', '笹田 涼平', 'いかけたというと、もう歩いて、ぎんいじゃない天の川のずうっ。', 'のらなくなり、姉ねえ、汽車の音もなくその男の子が向むこうふ。', 'いまの三角標さんおったりも鉄砲丸てって少し汽車の中でなんか。', '72803195', 'ら、すばやく落おち。', '坂本市', '7766193  東京都中村市東区宮沢町井高10-6-9 コーポ石田103号', '106', '0870-132-381', '0940-223-673', 'chiyo.takahashi@example.net', 2, '3', '70791582', '燃もえてるって行く。', '廣川市', '9514833  佐賀県高橋市南区若松町藤本10-8-7 ハイツ大垣110号', '105', '090-4556-5550', '8381637', '1', '8233', '山本銀行', '060', '中津川支店', '1', '2706660', '井高 知実', '09901000', '000043901967', 1, '1', '2021-11-24 22:50:48', '2021-11-24 22:50:48', NULL);

-- m_sims
INSERT INTO `m_sims` (`sim_num`, `career`, `sim_contractor`, `status`, `sim_opening_date`, `created_at`, `updated_at`, `deleted_at`) VALUES
('02018366565','D1','八重洲無線株式会社','1','2021/11/10','2021-11-11 1:44:50','2021-11-11 1:44:50',NULL),
('02017751553','D1','八重洲無線株式会社','1','2021/11/10','2021-11-11 1:44:50','2021-11-11 1:44:50',NULL),
('02037938932','D1','八重洲無線株式会社','1','2021/11/10','2021-11-11 1:44:50','2021-11-11 1:44:50',NULL),
('02021701952','D1','八重洲無線株式会社','1','2021/11/10','2021-11-11 1:44:50','2021-11-11 1:44:50',NULL),
('02018053651','D1','八重洲無線株式会社','1','2021/11/10','2021-11-11 1:44:50','2021-11-11 1:44:50',NULL),
('02058050788','D1','八重洲無線株式会社','1','2021/11/10','2021-11-11 1:44:50','2021-11-11 1:44:50',NULL),
('02022676699','D1','八重洲無線株式会社','1','2021/11/10','2021-11-11 1:44:50','2021-11-11 1:44:50',NULL),
('02016514815','D1','八重洲無線株式会社','1','2021/11/10','2021-11-11 1:44:50','2021-11-11 1:44:50',NULL),
('02017905860','D1','八重洲無線株式会社','1','2021/11/10','2021-11-11 1:44:50','2021-11-11 1:44:50',NULL),
('02022490118','D1','八重洲無線株式会社','1','2021/11/10','2021-11-11 1:44:50','2021-11-11 1:44:50',NULL),
('02015752256','D1','八重洲無線株式会社','1','2021/11/10','2021-11-11 1:44:50','2021-11-11 1:44:50',NULL),
('02017751783','D1','八重洲無線株式会社','1','2021/11/10','2021-11-11 1:44:50','2021-11-11 1:44:50',NULL),
('02017905915','D1','八重洲無線株式会社','1','2021/11/10','2021-11-11 1:44:50','2021-11-11 1:44:50',NULL),
('02022676788','D1','八重洲無線株式会社','1','2021/11/10','2021-11-11 1:44:50','2021-11-11 1:44:50',NULL),
('02037453535','D1','八重洲無線株式会社','1','2021/11/10','2021-11-11 1:44:50','2021-11-11 1:44:50',NULL),
('02037938021','D1','八重洲無線株式会社','1','2021/11/10','2021-11-11 1:44:50','2021-11-11 1:44:50',NULL),
('02037981198','D1','八重洲無線株式会社','1','2021/11/10','2021-11-11 1:44:50','2021-11-11 1:44:50',NULL),
('02022676925','D1','八重洲無線株式会社','1','2021/11/10','2021-11-11 1:44:50','2021-11-11 1:44:50',NULL),
('02016514752','D1','八重洲無線株式会社','1','2021/11/10','2021-11-11 1:44:50','2021-11-11 1:44:50',NULL),
('02019960364','D1','八重洲無線株式会社','1','2021/11/10','2021-11-11 1:44:50','2021-11-11 1:44:50',NULL),
('02017905417','D1','八重洲無線株式会社','1','2021/11/10','2021-11-11 1:44:50','2021-11-11 1:44:50',NULL),
('02015752938','D1','八重洲無線株式会社','1','2021/11/10','2021-11-11 1:44:50','2021-11-11 1:44:50',NULL),
('02016518478','D1','八重洲無線株式会社','1','2021/11/10','2021-11-11 1:44:50','2021-11-11 1:44:50',NULL),
('02017757567','D1','八重洲無線株式会社','1','2021/11/10','2021-11-11 1:44:50','2021-11-11 1:44:50',NULL),
('02037938026','D1','八重洲無線株式会社','1','2021/11/10','2021-11-11 1:44:50','2021-11-11 1:44:50',NULL),
('02017075611','D1','八重洲無線株式会社','1','2021/11/10','2021-11-11 1:44:50','2021-11-11 1:44:50',NULL),
('02022676926','D1','八重洲無線株式会社','1','2021/11/10','2021-11-11 1:44:50','2021-11-11 1:44:50',NULL),
('02037938684','D1','八重洲無線株式会社','1','2021/11/10','2021-11-11 1:44:50','2021-11-11 1:44:50',NULL),
('02019960709','D1','八重洲無線株式会社','1','2021/11/10','2021-11-11 1:44:50','2021-11-11 1:44:50',NULL),
('02058050865','D1','八重洲無線株式会社','1','2021/11/10','2021-11-11 1:44:50','2021-11-11 1:44:50',NULL),
('02037453225','D1','八重洲無線株式会社','1','2021/11/10','2021-11-11 1:44:50','2021-11-11 1:44:50',NULL),
('02017075785','D1','八重洲無線株式会社','1','2021/11/10','2021-11-11 1:44:50','2021-11-11 1:44:50',NULL),
('02015752872','D1','八重洲無線株式会社','1','2021/11/10','2021-11-11 1:44:50','2021-11-11 1:44:50',NULL),
('02017757183','D1','八重洲無線株式会社','1','2021/11/10','2021-11-11 1:44:50','2021-11-11 1:44:50',NULL),
('02017905807','D1','八重洲無線株式会社','1','2021/11/10','2021-11-11 1:44:50','2021-11-11 1:44:50',NULL),
('02021702978','D1','八重洲無線株式会社','1','2021/11/10','2021-11-11 1:44:50','2021-11-11 1:44:50',NULL),
('02022676395','D1','八重洲無線株式会社','1','2021/11/10','2021-11-11 1:44:50','2021-11-11 1:44:50',NULL),
('02058050902','D1','八重洲無線株式会社','1','2021/11/10','2021-11-11 1:44:50','2021-11-11 1:44:50',NULL),
('02022490171','D1','八重洲無線株式会社','1','2021/11/10','2021-11-11 1:44:50','2021-11-11 1:44:50',NULL),
('02017757673','D1','八重洲無線株式会社','1','2021/11/10','2021-11-11 1:44:50','2021-11-11 1:44:50',NULL),
('02037453818','D1','八重洲無線株式会社','1','2021/11/10','2021-11-11 1:44:50','2021-11-11 1:44:50',NULL),
('02017075983','D1','八重洲無線株式会社','1','2021/11/10','2021-11-11 1:44:50','2021-11-11 1:44:50',NULL),
('02019967484','D1','八重洲無線株式会社','1','2021/11/10','2021-11-11 1:44:50','2021-11-11 1:44:50',NULL),
('02021028816','D1','八重洲無線株式会社','1','2021/11/10','2021-11-11 1:44:50','2021-11-11 1:44:50',NULL),
('02016518702','D1','八重洲無線株式会社','1','2021/11/10','2021-11-11 1:44:50','2021-11-11 1:44:50',NULL),
('02017905982','D1','八重洲無線株式会社','1','2021/11/10','2021-11-11 1:44:50','2021-11-11 1:44:50',NULL),
('02037981782','D1','八重洲無線株式会社','1','2021/11/10','2021-11-11 1:44:50','2021-11-11 1:44:50',NULL),
('02037938853','D1','八重洲無線株式会社','1','2021/11/10','2021-11-11 1:44:50','2021-11-11 1:44:50',NULL),
('02022490880','D1','八重洲無線株式会社','1','2021/11/10','2021-11-11 1:44:50','2021-11-11 1:44:50',NULL),
('02019967676','D1','八重洲無線株式会社','1','2021/11/10','2021-11-11 1:44:50','2021-11-11 1:44:50',NULL),
('02017905968','D1','八重洲無線株式会社','1','2021/11/10','2021-11-11 1:44:50','2021-11-11 1:44:50',NULL),
('02015752519','D1','八重洲無線株式会社','1','2021/11/10','2021-11-11 1:44:50','2021-11-11 1:44:50',NULL),
('02037938301','D1','八重洲無線株式会社','1','2021/11/10','2021-11-11 1:44:50','2021-11-11 1:44:50',NULL),
('02017758171','D1','八重洲無線株式会社','1','2021/11/10','2021-11-11 1:44:50','2021-11-11 1:44:50',NULL),
('02017906906','D1','八重洲無線株式会社','1','2021/11/10','2021-11-11 1:44:50','2021-11-11 1:44:50',NULL),
('02018053652','D1','八重洲無線株式会社','1','2021/11/10','2021-11-11 1:44:50','2021-11-11 1:44:50',NULL),
('02037938570','D1','八重洲無線株式会社','1','2021/11/10','2021-11-11 1:44:50','2021-11-11 1:44:50',NULL),
('02037938577','D1','八重洲無線株式会社','1','2021/11/10','2021-11-11 1:44:50','2021-11-11 1:44:50',NULL),
('02022676758','D1','八重洲無線株式会社','1','2021/11/10','2021-11-11 1:44:50','2021-11-11 1:44:50',NULL),
('02017906903','D1','八重洲無線株式会社','1','2021/11/10','2021-11-11 1:44:50','2021-11-11 1:44:50',NULL),
('02021702900','D1','八重洲無線株式会社','1','2021/11/10','2021-11-11 1:44:50','2021-11-11 1:44:50',NULL),
('02018065927','D1','八重洲無線株式会社','1','2021/11/10','2021-11-11 1:44:50','2021-11-11 1:44:50',NULL),
('02019967861','D1','八重洲無線株式会社','1','2021/11/10','2021-11-11 1:44:50','2021-11-11 1:44:50',NULL),
('02015752716','D1','八重洲無線株式会社','1','2021/11/10','2021-11-11 1:44:50','2021-11-11 1:44:50',NULL),
('02022676973','D1','八重洲無線株式会社','1','2021/11/10','2021-11-11 1:44:50','2021-11-11 1:44:50',NULL),
('02017758495','D1','八重洲無線株式会社','1','2021/11/10','2021-11-11 1:44:50','2021-11-11 1:44:50',NULL),
('02017075957','D1','八重洲無線株式会社','1','2021/11/10','2021-11-11 1:44:50','2021-11-11 1:44:50',NULL),
('02019970108','D1','八重洲無線株式会社','1','2021/11/10','2021-11-11 1:44:50','2021-11-11 1:44:50',NULL),
('02016518325','D1','八重洲無線株式会社','1','2021/11/10','2021-11-11 1:44:50','2021-11-11 1:44:50',NULL),
('02017758863','D1','八重洲無線株式会社','1','2021/11/10','2021-11-11 1:44:50','2021-11-11 1:44:50',NULL),
('02037981538','D1','八重洲無線株式会社','1','2021/11/10','2021-11-11 1:44:50','2021-11-11 1:44:50',NULL),
('02037453868','D1','八重洲無線株式会社','1','2021/11/10','2021-11-11 1:44:50','2021-11-11 1:44:50',NULL),
('02021715910','D1','八重洲無線株式会社','1','2021/11/10','2021-11-11 1:44:50','2021-11-11 1:44:50',NULL),
('02015752589','D1','八重洲無線株式会社','1','2021/11/10','2021-11-11 1:44:50','2021-11-11 1:44:50',NULL),
('02021028423','D1','八重洲無線株式会社','1','2021/11/10','2021-11-11 1:44:50','2021-11-11 1:44:50',NULL),
('02016518723','D1','八重洲無線株式会社','1','2021/11/10','2021-11-11 1:44:50','2021-11-11 1:44:50',NULL),
('02058050713','D1','八重洲無線株式会社','1','2021/11/10','2021-11-11 1:44:50','2021-11-11 1:44:50',NULL),
('02037453494','D1','八重洲無線株式会社','1','2021/11/10','2021-11-11 1:44:50','2021-11-11 1:44:50',NULL),
('02019970358','D1','八重洲無線株式会社','1','2021/11/10','2021-11-11 1:44:50','2021-11-11 1:44:50',NULL),
('02021030766','D1','八重洲無線株式会社','1','2021/11/10','2021-11-11 1:44:50','2021-11-11 1:44:50',NULL),
('02017758779','D1','八重洲無線株式会社','1','2021/11/10','2021-11-11 1:44:50','2021-11-11 1:44:50',NULL),
('02017075826','D1','八重洲無線株式会社','1','2021/11/10','2021-11-11 1:44:50','2021-11-11 1:44:50',NULL),
('02037453325','D1','八重洲無線株式会社','1','2021/11/10','2021-11-11 1:44:50','2021-11-11 1:44:50',NULL),
('02018065859','D1','八重洲無線株式会社','1','2021/11/10','2021-11-11 1:44:50','2021-11-11 1:44:50',NULL),
('02017906591','D1','八重洲無線株式会社','1','2021/11/10','2021-11-11 1:44:50','2021-11-11 1:44:50',NULL),
('02037981465','D1','八重洲無線株式会社','1','2021/11/10','2021-11-11 1:44:50','2021-11-11 1:44:50',NULL),
('02017076499','D1','八重洲無線株式会社','1','2021/11/10','2021-11-11 1:44:50','2021-11-11 1:44:50',NULL),
('02018073986','D1','八重洲無線株式会社','1','2021/11/10','2021-11-11 1:44:50','2021-11-11 1:44:50',NULL),
('02015752599','D1','八重洲無線株式会社','1','2021/11/10','2021-11-11 1:44:50','2021-11-11 1:44:50',NULL),
('02016520508','D1','八重洲無線株式会社','1','2021/11/10','2021-11-11 1:44:50','2021-11-11 1:44:50',NULL),
('02017758575','D1','八重洲無線株式会社','1','2021/11/10','2021-11-11 1:44:50','2021-11-11 1:44:50',NULL),
('02037453506','D1','八重洲無線株式会社','1','2021/11/10','2021-11-11 1:44:50','2021-11-11 1:44:50',NULL),
('02019970475','D1','八重洲無線株式会社','1','2021/11/10','2021-11-11 1:44:50','2021-11-11 1:44:50',NULL),
('02021030525','D1','八重洲無線株式会社','1','2021/11/10','2021-11-11 1:44:50','2021-11-11 1:44:50',NULL),
('02016520720','D1','八重洲無線株式会社','1','2021/11/10','2021-11-11 1:44:50','2021-11-11 1:44:50',NULL),
('02022676104','D1','八重洲無線株式会社','1','2021/11/10','2021-11-11 1:44:50','2021-11-11 1:44:50',NULL),
('02058050796','D1','八重洲無線株式会社','1','2021/11/10','2021-11-11 1:44:50','2021-11-11 1:44:50',NULL),
('02018073949','D1','八重洲無線株式会社','1','2021/11/10','2021-11-11 1:44:50','2021-11-11 1:44:50',NULL),
('02021030210','D1','八重洲無線株式会社','1','2021/11/10','2021-11-11 1:44:50','2021-11-11 1:44:50',NULL),
('02058050496','D1','八重洲無線株式会社','1','2021/11/10','2021-11-11 1:44:50','2021-11-11 1:44:50',NULL);

-- m_taxs
INSERT INTO `m_taxs` (`id`, `start_date`, `end_date`, `tax`) VALUES
(1, '1989-04-01', '1997-03-31', '3'),
(2, '1997-04-01', '2014-03-31', '5'),
(3, '2014-04-01', '2019-09-30', '8'),
(4, '2019-10-01', NULL, '10');


-- m_user_requests 仮データ
INSERT INTO `m_user_requests` (`id`, `request_number`, `shop_id`, `user_id`, `status`, `add_flg`, `modify_flg`, `pause_restart_flg`, `discontinued_flg`, `request_date`, `remark`, `precautionary_statement`, `created_at`, `updated_at`, `deleted_at`) VALUES
(1, '1', 1, 1, '4', 1, 0, 0, 0, NULL, NULL, NULL, NULL, NULL, NULL),
(2, '2', 1, 2, '4', 1, 0, 0, 0, NULL, NULL, NULL, NULL, NULL, NULL),
(3, '3', 1, 1, '4', 0, 0, 1, 0, NULL, NULL, NULL, NULL, NULL, NULL),
(4, '4', 1, 2, '4', 0, 0, 1, 0, NULL, NULL, NULL, NULL, NULL, NULL);

-- m_user_line_requests 仮データ
INSERT INTO `m_user_line_requests` (`id`, `request_id`, `shop_id`, `user_id`, `row_num`, `request_type`, `voip_line_id`, `line_num`, `voip_id_name`, `models_id`, `sim_num`, `voip_line_password`, `call_type`, `priority`, `individual`, `recording`, `gps`, `commander`, `individual_priority`, `cue_reception`, `video`, `start_date`, `status`, `change_application_date`, `contract_renewal_date`, `memo`, `created_at`, `updated_at`, `deleted_at`) VALUES
(1, 1, 1, 1, 1, '1', NULL, '1', '', NULL, NULL, NULL, NULL, '', NULL, NULL, NULL, NULL, NULL, NULL, NULL, NULL, NULL, NULL, NULL, NULL, NULL, NULL, NULL),
(2, 1, 1, 1, 2, '1', NULL, '2', '', NULL, NULL, NULL, NULL, '', NULL, NULL, NULL, NULL, NULL, NULL, NULL, NULL, NULL, NULL, NULL, NULL, NULL, NULL, NULL),
(3, 1, 1, 1, 3, '1', NULL, '3', '', NULL, NULL, NULL, NULL, '', NULL, NULL, NULL, NULL, NULL, NULL, NULL, NULL, NULL, NULL, NULL, NULL, NULL, NULL, NULL),
(4, 1, 1, 1, 4, '1', NULL, '4', '', NULL, NULL, NULL, NULL, '', NULL, NULL, NULL, NULL, NULL, NULL, NULL, NULL, NULL, NULL, NULL, NULL, NULL, NULL, NULL),
(5, 1, 1, 1, 5, '1', NULL, '5', '', NULL, NULL, NULL, NULL, '', NULL, NULL, NULL, NULL, NULL, NULL, NULL, NULL, NULL, NULL, NULL, NULL, NULL, NULL, NULL),
(6, 2, 1, 2, 1, '1', NULL, '1', '', NULL, NULL, NULL, NULL, '', NULL, NULL, NULL, NULL, NULL, NULL, NULL, NULL, NULL, NULL, NULL, NULL, NULL, NULL, NULL),
(7, 2, 1, 2, 2, '1', NULL, '2', '', NULL, NULL, NULL, NULL, '', NULL, NULL, NULL, NULL, NULL, NULL, NULL, NULL, NULL, NULL, NULL, NULL, NULL, NULL, NULL),
(8, 2, 1, 2, 3, '1', NULL, '3', '', NULL, NULL, NULL, NULL, '', NULL, NULL, NULL, NULL, NULL, NULL, NULL, NULL, NULL, NULL, NULL, NULL, NULL, NULL, NULL),
(9, 2, 1, 2, 4, '1', NULL, '4', '', NULL, NULL, NULL, NULL, '', NULL, NULL, NULL, NULL, NULL, NULL, NULL, NULL, NULL, NULL, NULL, NULL, NULL, NULL, NULL),
(10, 2, 1, 2, 5, '1', NULL, '5', '', NULL, NULL, NULL, NULL, '', NULL, NULL, NULL, NULL, NULL, NULL, NULL, NULL, NULL, NULL, NULL, NULL, NULL, NULL, NULL),
(11, 3, 1, 1, 1, '3', NULL, '1', '品川-吉田', NULL, NULL, NULL, NULL, '1', NULL, NULL, NULL, NULL, NULL, NULL, NULL, NULL, NULL, NULL, NULL, NULL, NULL, NULL, NULL),
(12, 4, 1, 2, 1, '3', NULL, '1', '品川-大川', NULL, NULL, NULL, NULL, '10', NULL, NULL, NULL, NULL, NULL, NULL, NULL, NULL, NULL, NULL, NULL, NULL, NULL, NULL, NULL);

-- m_user_lines 仮データ
INSERT INTO `m_user_lines` (`id`, `shop_id`, `user_id`, `request_id`, `request_line_id`, `voip_line_id`, `line_num`, `voip_id_name`, `models_id`, `sim_num`, `voip_line_password`, `call_type`, `priority`, `individual`, `recording`, `gps`, `commander`, `individual_priority`, `cue_reception`, `video`, `start_date`, `status`, `change_application_date`, `contract_renewal_date`, `memo`, `created_at`, `updated_at`, `deleted_at`) VALUES
(1, 1, 1, 1, 1, '', '', '', NULL, NULL, NULL, NULL, '', NULL, NULL, NULL, NULL, NULL, NULL, NULL, NULL, NULL, NULL, NULL, NULL, NULL, NULL, NULL),
(2, 1, 1, 1, 2, '', '', '', NULL, NULL, NULL, NULL, '', NULL, NULL, NULL, NULL, NULL, NULL, NULL, NULL, NULL, NULL, NULL, NULL, NULL, NULL, NULL),
(3, 1, 1, 1, 3, '', '', '', NULL, NULL, NULL, NULL, '', NULL, NULL, NULL, NULL, NULL, NULL, NULL, NULL, NULL, NULL, NULL, NULL, NULL, NULL, NULL),
(4, 1, 1, 1, 4, '', '', '', NULL, NULL, NULL, NULL, '', NULL, NULL, NULL, NULL, NULL, NULL, NULL, NULL, NULL, NULL, NULL, NULL, NULL, NULL, NULL),
(5, 1, 1, 1, 5, '', '', '', NULL, NULL, NULL, NULL, '', NULL, NULL, NULL, NULL, NULL, NULL, NULL, NULL, NULL, NULL, NULL, NULL, NULL, NULL, NULL),
(6, 1, 2, 3, 6, '', '', '', NULL, NULL, NULL, NULL, '', NULL, NULL, NULL, NULL, NULL, NULL, NULL, NULL, NULL, NULL, NULL, NULL, NULL, NULL, NULL),
(7, 1, 2, 3, 7, '', '', '', NULL, NULL, NULL, NULL, '', NULL, NULL, NULL, NULL, NULL, NULL, NULL, NULL, NULL, NULL, NULL, NULL, NULL, NULL, NULL),
(8, 1, 2, 3, 8, '', '', '', NULL, NULL, NULL, NULL, '', NULL, NULL, NULL, NULL, NULL, NULL, NULL, NULL, NULL, NULL, NULL, NULL, NULL, NULL, NULL),
(9, 1, 2, 3, 9, '', '', '', NULL, NULL, NULL, NULL, '', NULL, NULL, NULL, NULL, NULL, NULL, NULL, NULL, NULL, NULL, NULL, NULL, NULL, NULL, NULL),
(10, 1, 2, 3, 10, '', '', '', NULL, NULL, NULL, NULL, '', NULL, NULL, NULL, NULL, NULL, NULL, NULL, NULL, NULL, NULL, NULL, NULL, NULL, NULL, NULL);


-- t_user_line_plans_requests 仮データ
INSERT INTO `t_user_line_plans_requests` VALUES 
(1,1,1,1,1,1,'2021-12-02','2023-12-02',NULL,NULL,NULL,NULL,NULL,NULL,NULL,NULL,NULL,NULL,NULL,'1',NULL,NULL,NULL,NULL,NULL,NULL),
(2,1,1,1,2,1,'2021-12-02','2023-12-02',NULL,NULL,NULL,NULL,NULL,NULL,NULL,NULL,NULL,NULL,NULL,'1',NULL,NULL,NULL,NULL,NULL,NULL),
(3,1,1,1,3,1,'2021-12-02','2023-12-02',NULL,NULL,NULL,NULL,NULL,NULL,NULL,NULL,NULL,NULL,NULL,'1',NULL,NULL,NULL,NULL,NULL,NULL),
(4,1,1,1,4,1,'2021-12-02','2023-12-02',NULL,NULL,NULL,NULL,NULL,NULL,NULL,NULL,NULL,NULL,NULL,'1',NULL,NULL,NULL,NULL,NULL,NULL),
(5,1,1,1,5,1,'2021-12-02','2023-12-02',NULL,NULL,NULL,NULL,NULL,NULL,NULL,NULL,NULL,NULL,NULL,'1',NULL,NULL,NULL,NULL,NULL,NULL),
(6,2,1,2,6,1,'2021-12-02','2023-12-02',NULL,NULL,NULL,NULL,NULL,NULL,NULL,NULL,NULL,NULL,NULL,'1',NULL,NULL,NULL,NULL,NULL,NULL),
(7,2,1,2,7,1,'2021-12-02','2023-12-02',NULL,NULL,NULL,NULL,NULL,NULL,NULL,NULL,NULL,NULL,NULL,'1',NULL,NULL,NULL,NULL,NULL,NULL),
(8,2,1,2,8,1,'2021-12-02','2023-12-02',NULL,NULL,NULL,NULL,NULL,NULL,NULL,NULL,NULL,NULL,NULL,'1',NULL,NULL,NULL,NULL,NULL,NULL),
(9,2,1,2,9,1,'2021-12-02','2023-12-02',NULL,NULL,NULL,NULL,NULL,NULL,NULL,NULL,NULL,NULL,NULL,'1',NULL,NULL,NULL,NULL,NULL,NULL),
(10,2,1,2,10,1,'2021-12-02','2023-12-02',NULL,NULL,NULL,NULL,NULL,NULL,NULL,NULL,NULL,NULL,NULL,'1',NULL,NULL,NULL,NULL,NULL,NULL);

-- t_user_line_plans 仮データ
INSERT INTO `t_user_line_plans` (`id`, `line_id`, `shop_id`, `user_id`, `plan_id`, `start_date`, `end_date`, `option_id1`, `option_id2`, `option_id3`, `option_id4`, `option_id5`, `option_id6`, `option_id7`, `option_id8`, `option_id9`, `option_id10`, `automatic_update`, `plan_set_start_date`, `plan_set_end_date`, `line_status`, `month_left_num`, `limited_time_start_date`, `limited_time_month_left_num`, `created_at`, `updated_at`, `deleted_at`) VALUES
(1, 1, 1, 1, 1, '2021-12-02', '2023-12-02', 1, 4, 7, NULL, NULL, NULL, NULL, NULL, NULL, NULL, '2', '2021-12-02', NULL, '1', 24, NULL, 24, NULL, '2022-01-01 00:00:00', NULL),
(2, 2, 1, 1, 1, '2021-11-02', '2023-11-02', 1, 4, NULL, NULL, NULL, NULL, NULL, NULL, NULL, NULL, '2', '2021-11-02', NULL, '1', 1, NULL, 1, NULL, '2022-01-01 00:00:00', NULL),
(3, 3, 1, 1, 1, '2021-11-02', '2023-11-02', 1, 1, 1, 1, 1, 1, 1, 1, 1, 1, '1', '2021-11-02', NULL, '1', 1, NULL, 1, NULL, '2022-01-01 00:00:00', NULL),
(4, 4, 1, 1, 1, '2021-11-02', '2023-11-02', NULL, NULL, NULL, NULL, NULL, NULL, NULL, NULL, NULL, NULL, '2', '2021-11-02', NULL, '1', 24, NULL, 24, NULL, '2022-01-01 00:00:00', NULL),
(5, 5, 1, 1, 1, '2021-11-02', '2023-11-02', 3, 5, NULL, NULL, NULL, NULL, NULL, NULL, NULL, NULL, '2', '2021-11-02', NULL, '1', 24, NULL, 24, NULL, '2022-01-01 00:00:00', NULL),
(6, 6, 1, 2, 1, '2021-11-02', '2023-11-02', NULL, NULL, NULL, NULL, NULL, NULL, NULL, NULL, NULL, NULL, '2', '2021-11-02', NULL, '1', 24, NULL, 24, NULL, '2022-01-01 00:00:00', NULL),
(7, 7, 1, 2, 1, '2021-11-02', '2023-11-02', NULL, NULL, NULL, NULL, NULL, NULL, NULL, NULL, NULL, NULL, '2', '2021-11-02', NULL, '1', 24, NULL, 24, NULL, '2022-01-01 00:00:00', NULL),
(8, 8, 1, 2, 1, '2021-11-02', '2023-11-02', NULL, NULL, NULL, NULL, NULL, NULL, NULL, NULL, NULL, NULL, '1', '2021-11-02', NULL, '1', 24, NULL, 24, NULL, '2022-01-01 00:00:00', NULL),
(9, 9, 1, 2, 1, '2021-11-02', '2023-11-02', NULL, NULL, NULL, NULL, NULL, NULL, NULL, NULL, NULL, NULL, '2', '2021-11-02', NULL, '1', 24, NULL, 24, NULL, '2022-01-01 00:00:00', NULL),
(10, 10, 1, 2, 1, '2021-11-02', '2023-11-02', NULL, NULL, NULL, NULL, NULL, NULL, NULL, NULL, NULL, NULL, '2', '2021-11-02', NULL, '2', 24, NULL, 24, NULL, NULL, NULL);


-- t_line_pauses 仮データ
INSERT INTO `t_line_pauses` (`id`, `line_id`, `shop_id`, `user_id`, `line_plans_id`, `pause_start_date`, `pause_end_date`, `deleted_at`, `created_at`, `updated_at`) VALUES
(1, 5, 1, 1, 5, '2021-12-01', '2021-12-15', NULL, NULL, NULL),
(2, 10, 1, 2, 10, '2021-12-01', NULL, NULL, NULL, NULL);

-- t_shop_sales_promotion_plans 仮データ
INSERT INTO `t_shop_sales_promotion_plans` (`id`, `shop_id`, `user_id`, `incentive_date`, `sales_promotion_id`, `usage_unit_price`, `incentive_unit_price`, `user_request_id`, `line_id`, `created_at`, `updated_at`) VALUES
(1, 1, 1, '2021-11-02', 1, '0', '9000', 1, 1, NULL, NULL),
(2, 1, 1, '2021-11-02', 1, '0', '9000', 1, 2, NULL, NULL),
(3, 1, 1, '2021-11-02', 1, '0', '9000', 1, 3, NULL, NULL),
(4, 1, 1, '2021-11-02', 1, '0', '9000', 1, 4, NULL, NULL),
(5, 1, 1, '2021-11-02', 1, '0', '9000', 1, 5, NULL, NULL),
(6, 1, 2, '2021-11-02', 1, '0', '9000', 2, 6, NULL, NULL),
(7, 1, 2, '2021-11-02', 1, '0', '9000', 2, 7, NULL, NULL),
(8, 1, 2, '2021-11-02', 1, '0', '9000', 2, 8, NULL, NULL),
(9, 1, 2, '2021-11-02', 1, '0', '9000', 2, 9, NULL, NULL),
(10, 1, 2, '2021-11-02', 1, '0', '9000', 2, 10, NULL, NULL),
(11, 1, 1, '2021-12-01', 1, '0', '9000', 1, 1, NULL, NULL),
(12, 1, 1, '2021-12-01', 1, '0', '9000', 1, 2, NULL, NULL),
(13, 1, 1, '2021-12-01', 1, '0', '9000', 1, 3, NULL, NULL),
(14, 1, 1, '2021-12-01', 1, '0', '9000', 1, 4, NULL, NULL),
(15, 1, 1, '2021-12-01', 1, '0', '9000', 1, 5, NULL, NULL),
(16, 1, 2, '2021-12-01', 1, '0', '9000', 2, 6, NULL, NULL),
(17, 1, 2, '2021-12-01', 1, '0', '9000', 2, 7, NULL, NULL),
(18, 1, 2, '2021-12-01', 1, '0', '9000', 2, 8, NULL, NULL),
(19, 1, 2, '2021-12-01', 1, '0', '9000', 2, 9, NULL, NULL),
(20, 1, 2, '2021-12-01', 1, '0', '9000', 2, 10, NULL, NULL);

-- t_user_commissions 仮データ
INSERT INTO `t_user_commissions` (`id`, `shop_id`, `user_id`, `commission_date`, `commission_id`, `commission_unit_price`, `incentive_unit_price`, `user_request_id`, `line_id`, `created_at`, `updated_at`) VALUES
(1, 1, 1, '2021-11-02', 1, '2000', '600', 1, 1, NULL, NULL),
(2, 1, 1, '2021-11-02', 1, '2000', '600', 1, 2, NULL, NULL),
(3, 1, 1, '2021-11-02', 1, '2000', '600', 1, 3, NULL, NULL),
(4, 1, 1, '2021-11-02', 1, '2000', '600', 1, 4, NULL, NULL),
(5, 1, 1, '2021-11-02', 1, '2000', '600', 1, 5, NULL, NULL),
(6, 1, 2, '2021-11-02', 1, '2000', '600', 2, 6, NULL, NULL),
(7, 1, 2, '2021-11-02', 1, '2000', '600', 2, 7, NULL, NULL),
(8, 1, 2, '2021-11-02', 1, '2000', '600', 2, 8, NULL, NULL),
(9, 1, 2, '2021-11-02', 1, '2000', '600', 2, 9, NULL, NULL),
(10, 1, 2, '2021-11-02', 1, '2000', '600', 2, 10, NULL, NULL),
(11, 1, 1, '2021-12-01', 2, '2000', '600', 3, 5, NULL, NULL),
(12, 1, 2, '2021-12-01', 2, '2000', '600', 4, 10, NULL, NULL);

-- t_billinges 仮データ
INSERT INTO `t_billinges` (`id`, `user_id`, `shop_id`, `billing_ym`, `billing_total_price`, `incentive_total_price`, `status`, `created_at`, `updated_at`, `deleted_at`) VALUES
(1, 1, 1, '202112', '20227', '50720', '2', '2021-12-19 15:18:18', '2021-12-19 15:18:18', NULL),
(2, 2, 1, '202112', '14720', '40000', '2', '2021-12-19 15:18:18', '2021-12-19 15:18:18', NULL);

-- t_billing_details 仮データ
INSERT INTO `t_billing_details` (`id`, `billing_id`, `contract_date`, `plan_type`, `plan_id`, `plan_num`, `plan_name`, `unit_price`, `incentive_unit_price`, `amount`, `total_price`, `incentive_total_price`, `created_at`, `updated_at`, `deleted_at`) VALUES
(1, 1, '2021-11-02', '1', 1, 'B001', '定額Aプラン * 日割', '1680', '0', 4, '6720', '0', '2021-12-19 15:18:18', '2021-12-19 15:18:18', NULL),
(2, 1, '2021-11-02', '2', 1, 'C001', 'GPS位置情報利用料 * 日割', '467', '0', 1, '467', '0', '2021-12-19 15:18:18', '2021-12-19 15:18:18', NULL),
(3, 1, '2021-11-02', '2', 3, 'C003', '画僧利用料 * 日割', '1120', '0', 1, '1120', '0', '2021-12-19 15:18:18', '2021-12-19 15:18:18', NULL),
(4, 1, '2021-11-02', '2', 4, 'D001', '台数割A * 日割', '-93', '0', 1, '-93', '0', '2021-12-19 15:18:18', '2021-12-19 15:18:18', NULL),
(5, 1, '2021-11-02', '2', 5, 'D002', '台数割B * 日割', '-187', '0', 1, '-187', '0', '2021-12-19 15:18:18', '2021-12-19 15:18:18', NULL),
(6, 1, '2021-11-02', '3', 1, 'S001', '拡販プログラムS001', '0', '10000', 4, '0', '40000', '2021-12-19 15:18:18', '2021-12-19 15:18:18', NULL),
(7, 1, '2021-11-02', '4', 1, 'H001', '登録/廃局 事務手数料', '2000', '0', 4, '8000', '0', '2021-12-19 15:18:18', '2021-12-19 15:18:18', NULL),
(8, 1, '2021-12-02', '1', 1, 'B001', '定額Aプラン', '1800', '600', 1, '1800', '600', '2021-12-19 15:18:18', '2021-12-19 15:18:18', NULL),
(9, 1, '2021-12-02', '2', 1, 'C001', 'GPS位置情報利用料', '500', '150', 1, '500', '150', '2021-12-19 15:18:18', '2021-12-19 15:18:18', NULL),
(10, 1, '2021-12-02', '2', 4, 'D001', '台数割A', '-100', '-30', 1, '-100', '-30', '2021-12-19 15:18:18', '2021-12-19 15:18:18', NULL),
(11, 1, '2021-12-02', '3', 1, 'S001', '拡販プログラムS001', '0', '10000', 1, '0', '10000', '2021-12-19 15:18:18', '2021-12-19 15:18:18', NULL),
(12, 1, '2021-12-02', '4', 1, 'H001', '登録/廃局 事務手数料', '2000', '0', 1, '2000', '0', '2021-12-19 15:18:18', '2021-12-19 15:18:18', NULL),
(13, 2, '2021-11-02', '1', 1, 'B001', '定額Aプラン * 日割', '1680', '0', 4, '6720', '0', '2021-12-19 15:18:18', '2021-12-19 15:18:18', NULL),
(14, 2, '2021-11-02', '3', 1, 'S001', '拡販プログラムS001', '0', '10000', 4, '0', '40000', '2021-12-19 15:18:18', '2021-12-19 15:18:18', NULL),
(15, 2, '2021-11-02', '4', 1, 'H001', '登録/廃局 事務手数料', '2000', '0', 4, '8000', '0', '2021-12-19 15:18:18', '2021-12-19 15:18:18', NULL);

--  t_sales 仮データ
INSERT INTO `t_sales` (`id`, `user_id`, `shop_id`, `billing_id`, `sales_ym`, `sales_total_price`, `incentive_total_price`, `created_at`, `updated_at`, `deleted_at`) VALUES
(1, 1, 1, 1, '202112', '20227', '50720', '2021-12-19 15:20:49', '2021-12-19 15:20:49', NULL),
(2, 2, 1, 2, '202112', '14720', '40000', '2021-12-19 15:20:49', '2021-12-19 15:20:49', NULL);
-- t_sale_details 仮データ
INSERT INTO `t_sale_details` (`id`, `sale_id`, `contract_date`, `plan_type`, `plan_id`, `plan_num`, `plan_name`, `unit_price`, `incentive_unit_price`, `amount`, `total_price`, `incentive_total_price`, `created_at`, `updated_at`, `deleted_at`) VALUES
(1, 1, '2021-11-02', '1', 1, 'B001', '定額Aプラン * 日割', '1680', '0', 4, '6720', '0', '2021-12-19 15:20:49', '2021-12-19 15:20:49', NULL),
(2, 1, '2021-11-02', '2', 1, 'C001', 'GPS位置情報利用料 * 日割', '467', '0', 1, '467', '0', '2021-12-19 15:20:49', '2021-12-19 15:20:49', NULL),
(3, 1, '2021-11-02', '2', 3, 'C003', '画僧利用料 * 日割', '1120', '0', 1, '1120', '0', '2021-12-19 15:20:49', '2021-12-19 15:20:49', NULL),
(4, 1, '2021-11-02', '2', 4, 'D001', '台数割A * 日割', '-93', '0', 1, '-93', '0', '2021-12-19 15:20:49', '2021-12-19 15:20:49', NULL),
(5, 1, '2021-11-02', '2', 5, 'D002', '台数割B * 日割', '-187', '0', 1, '-187', '0', '2021-12-19 15:20:49', '2021-12-19 15:20:49', NULL),
(6, 1, '2021-11-02', '3', 1, 'S001', '拡販プログラムS001', '0', '10000', 4, '0', '40000', '2021-12-19 15:20:49', '2021-12-19 15:20:49', NULL),
(7, 1, '2021-11-02', '4', 1, 'H001', '登録/廃局 事務手数料', '2000', '0', 4, '8000', '0', '2021-12-19 15:20:49', '2021-12-19 15:20:49', NULL),
(8, 1, '2021-12-02', '1', 1, 'B001', '定額Aプラン', '1800', '600', 1, '1800', '600', '2021-12-19 15:20:49', '2021-12-19 15:20:49', NULL),
(9, 1, '2021-12-02', '2', 1, 'C001', 'GPS位置情報利用料', '500', '150', 1, '500', '150', '2021-12-19 15:20:49', '2021-12-19 15:20:49', NULL),
(10, 1, '2021-12-02', '2', 4, 'D001', '台数割A', '-100', '-30', 1, '-100', '-30', '2021-12-19 15:20:49', '2021-12-19 15:20:49', NULL),
(11, 1, '2021-12-02', '3', 1, 'S001', '拡販プログラムS001', '0', '10000', 1, '0', '10000', '2021-12-19 15:20:49', '2021-12-19 15:20:49', NULL),
(12, 1, '2021-12-02', '4', 1, 'H001', '登録/廃局 事務手数料', '2000', '0', 1, '2000', '0', '2021-12-19 15:20:49', '2021-12-19 15:20:49', NULL),
(13, 2, '2021-11-02', '1', 1, 'B001', '定額Aプラン * 日割', '1680', '0', 4, '6720', '0', '2021-12-19 15:20:49', '2021-12-19 15:20:49', NULL),
(14, 2, '2021-11-02', '3', 1, 'S001', '拡販プログラムS001', '0', '10000', 4, '0', '40000', '2021-12-19 15:20:49', '2021-12-19 15:20:49', NULL),
(15, 2, '2021-11-02', '4', 1, 'H001', '登録/廃局 事務手数料', '2000', '0', 4, '8000', '0', '2021-12-19 15:20:49', '2021-12-19 15:20:49', NULL);